{
  "timestamp": "2025-03-09T15:44:36.996384",
  "total_checked": 12512,
  "total_working": 36,
  "protocols": {
    "socks5": {
      "checked": 4184,
      "working": 8,
      "failed": 4176,
      "success_rate": 0.19120458891013384
    },
    "http": {
      "checked": 4171,
      "working": 13,
      "failed": 4158,
      "success_rate": 0.31167585710860707
    },
    "socks4": {
      "checked": 4157,
      "working": 15,
      "failed": 4142,
      "success_rate": 0.36083714216983404
    }
  },
  "failure_reasons": {
    "ConnectionError": 5838,
    "ProxyError": 3656,
    "SSLError": 64,
    "ConnectTimeout": 2731,
    "ChunkedEncodingError": 5,
    "Price not visible": 10,
    "ReadTimeout": 109,
    "HTTP 202": 43,
    "InvalidURL": 20
  }
}