{
  "timestamp": "2025-03-11T09:47:22.118250",
  "total_checked": 9116,
  "total_working": 33,
  "protocols": {
    "socks5": {
      "checked": 2975,
      "working": 8,
      "failed": 2967,
      "success_rate": 0.2689075630252101
    },
    "http": {
      "checked": 2632,
      "working": 16,
      "failed": 2616,
      "success_rate": 0.60790273556231
    },
    "socks4": {
      "checked": 3509,
      "working": 9,
      "failed": 3500,
      "success_rate": 0.2564833285836421
    }
  },
  "failure_reasons": {
    "ConnectionError": 3249,
    "ProxyError": 2401,
    "InvalidURL": 30,
    "SSLError": 115,
    "ConnectTimeout": 3210,
    "ReadTimeout": 51,
    "Price not visible": 14,
    "HTTP 202": 13
  }
}