{
  "timestamp": "2025-03-09T03:46:45.789023",
  "total_checked": 11981,
  "total_working": 28,
  "protocols": {
    "http": {
      "checked": 4887,
      "working": 15,
      "failed": 4872,
      "success_rate": 0.3069367710251688
    },
    "socks4": {
      "checked": 3699,
      "working": 8,
      "failed": 3691,
      "success_rate": 0.21627466882941337
    },
    "socks5": {
      "checked": 3395,
      "working": 5,
      "failed": 3390,
      "success_rate": 0.14727540500736377
    }
  },
  "failure_reasons": {
    "ProxyError": 4081,
    "ConnectionError": 4538,
    "SSLError": 77,
    "ConnectTimeout": 3010,
    "ReadTimeout": 178,
    "HTTP 202": 30,
    "InvalidURL": 35,
    "Price not visible": 4
  }
}