{
  "timestamp": "2025-03-11T21:35:14.210461",
  "total_checked": 8425,
  "total_working": 33,
  "protocols": {
    "http": {
      "checked": 2820,
      "working": 22,
      "failed": 2798,
      "success_rate": 0.7801418439716312
    },
    "socks5": {
      "checked": 2879,
      "working": 6,
      "failed": 2873,
      "success_rate": 0.20840569642236886
    },
    "socks4": {
      "checked": 2726,
      "working": 5,
      "failed": 2721,
      "success_rate": 0.18341892883345562
    }
  },
  "failure_reasons": {
    "ProxyError": 2645,
    "ConnectionError": 3226,
    "SSLError": 72,
    "ConnectTimeout": 2363,
    "HTTP 202": 16,
    "ReadTimeout": 46,
    "Price not visible": 24
  }
}