{
  "timestamp": "2025-03-08T07:21:56.923860",
  "total_checked": 21616,
  "total_working": 157,
  "protocols": {
    "socks4": {
      "checked": 7400,
      "working": 69,
      "failed": 7331,
      "success_rate": 0.9324324324324325
    },
    "http": {
      "checked": 7237,
      "working": 29,
      "failed": 7208,
      "success_rate": 0.4007185297775322
    },
    "socks5": {
      "checked": 6979,
      "working": 59,
      "failed": 6920,
      "success_rate": 0.8453933228256197
    }
  },
  "failure_reasons": {
    "ConnectionError": 7542,
    "ProxyError": 6499,
    "SSLError": 163,
    "ConnectTimeout": 6738,
    "ReadTimeout": 283,
    "Price not visible": 57,
    "InvalidURL": 30,
    "HTTP 202": 141,
    "ChunkedEncodingError": 6
  }
}