{
  "timestamp": "2025-03-12T21:38:24.684805",
  "total_checked": 7215,
  "total_working": 18,
  "protocols": {
    "socks5": {
      "checked": 2458,
      "working": 5,
      "failed": 2453,
      "success_rate": 0.20341741253051263
    },
    "http": {
      "checked": 2548,
      "working": 10,
      "failed": 2538,
      "success_rate": 0.39246467817896385
    },
    "socks4": {
      "checked": 2209,
      "working": 3,
      "failed": 2206,
      "success_rate": 0.1358080579447714
    }
  },
  "failure_reasons": {
    "ConnectionError": 2307,
    "ProxyError": 2352,
    "SSLError": 76,
    "ConnectTimeout": 2364,
    "ReadTimeout": 77,
    "Price not visible": 9,
    "HTTP 202": 12
  }
}