{
  "timestamp": "2025-03-08T11:36:15.169484",
  "total_checked": 28535,
  "total_working": 191,
  "protocols": {
    "socks4": {
      "checked": 10768,
      "working": 88,
      "failed": 10680,
      "success_rate": 0.8172362555720655
    },
    "socks5": {
      "checked": 12510,
      "working": 88,
      "failed": 12422,
      "success_rate": 0.70343725019984
    },
    "http": {
      "checked": 5257,
      "working": 15,
      "failed": 5242,
      "success_rate": 0.2853338405934944
    }
  },
  "failure_reasons": {
    "ConnectionError": 9765,
    "ProxyError": 4703,
    "ConnectTimeout": 10560,
    "Price not visible": 1505,
    "ReadTimeout": 1574,
    "SSLError": 159,
    "HTTP 202": 61,
    "ChunkedEncodingError": 2,
    "InvalidURL": 15
  }
}