{
  "timestamp": "2025-03-10T15:37:08.758879",
  "total_checked": 5212,
  "total_working": 33,
  "protocols": {
    "http": {
      "checked": 2350,
      "working": 22,
      "failed": 2328,
      "success_rate": 0.9361702127659575
    },
    "socks5": {
      "checked": 1277,
      "working": 5,
      "failed": 1272,
      "success_rate": 0.39154267815191857
    },
    "socks4": {
      "checked": 1585,
      "working": 6,
      "failed": 1579,
      "success_rate": 0.3785488958990536
    }
  },
  "failure_reasons": {
    "ProxyError": 2201,
    "ConnectionError": 1525,
    "ConnectTimeout": 1318,
    "ReadTimeout": 48,
    "HTTP 500": 2,
    "HTTP 202": 11,
    "Price not visible": 20,
    "SSLError": 49,
    "InvalidURL": 5
  }
}