{
  "timestamp": "2025-03-13T09:51:28.981681",
  "total_checked": 16426,
  "total_working": 42,
  "protocols": {
    "http": {
      "checked": 4386,
      "working": 31,
      "failed": 4355,
      "success_rate": 0.7067943456452348
    },
    "socks4": {
      "checked": 6052,
      "working": 5,
      "failed": 6047,
      "success_rate": 0.08261731658955718
    },
    "socks5": {
      "checked": 5988,
      "working": 6,
      "failed": 5982,
      "success_rate": 0.1002004008016032
    }
  },
  "failure_reasons": {
    "ProxyError": 4145,
    "ConnectionError": 9082,
    "SSLError": 63,
    "ConnectTimeout": 2958,
    "ReadTimeout": 78,
    "Price not visible": 14,
    "HTTP 202": 14,
    "InvalidURL": 30
  }
}