{
  "timestamp": "2025-03-10T01:43:36.320722",
  "total_checked": 10465,
  "total_working": 51,
  "protocols": {
    "http": {
      "checked": 6374,
      "working": 38,
      "failed": 6336,
      "success_rate": 0.5961719485409477
    },
    "socks5": {
      "checked": 1792,
      "working": 5,
      "failed": 1787,
      "success_rate": 0.27901785714285715
    },
    "socks4": {
      "checked": 2299,
      "working": 8,
      "failed": 2291,
      "success_rate": 0.34797738147020446
    }
  },
  "failure_reasons": {
    "ProxyError": 6046,
    "ConnectionError": 1819,
    "SSLError": 122,
    "ConnectTimeout": 2259,
    "ReadTimeout": 116,
    "HTTP 202": 35,
    "Price not visible": 11,
    "InvalidURL": 5,
    "HTTP 500": 1
  }
}