{
  "timestamp": "2025-03-12T01:57:50.429703",
  "total_checked": 6269,
  "total_working": 61,
  "protocols": {
    "http": {
      "checked": 4278,
      "working": 50,
      "failed": 4228,
      "success_rate": 1.168770453482936
    },
    "socks5": {
      "checked": 773,
      "working": 4,
      "failed": 769,
      "success_rate": 0.517464424320828
    },
    "socks4": {
      "checked": 1218,
      "working": 7,
      "failed": 1211,
      "success_rate": 0.5747126436781609
    }
  },
  "failure_reasons": {
    "ProxyError": 3954,
    "ConnectionError": 1115,
    "HTTP 202": 26,
    "ConnectTimeout": 861,
    "ReadTimeout": 193,
    "SSLError": 44,
    "Price not visible": 15
  }
}