{
  "timestamp": "2025-03-13T01:57:49.141514",
  "total_checked": 5573,
  "total_working": 46,
  "protocols": {
    "http": {
      "checked": 3607,
      "working": 34,
      "failed": 3573,
      "success_rate": 0.9426115885777655
    },
    "socks4": {
      "checked": 1224,
      "working": 7,
      "failed": 1217,
      "success_rate": 0.5718954248366013
    },
    "socks5": {
      "checked": 742,
      "working": 5,
      "failed": 737,
      "success_rate": 0.6738544474393532
    }
  },
  "failure_reasons": {
    "ProxyError": 3286,
    "ConnectionError": 1010,
    "SSLError": 63,
    "ConnectTimeout": 987,
    "ReadTimeout": 130,
    "HTTP 202": 33,
    "Price not visible": 13,
    "InvalidURL": 5
  }
}