{
  "timestamp": "2025-03-09T18:49:15.219198",
  "total_checked": 11379,
  "total_working": 121,
  "protocols": {
    "socks5": {
      "checked": 2314,
      "working": 14,
      "failed": 2300,
      "success_rate": 0.6050129645635264
    },
    "http": {
      "checked": 6283,
      "working": 93,
      "failed": 6190,
      "success_rate": 1.4801846251790545
    },
    "socks4": {
      "checked": 2782,
      "working": 14,
      "failed": 2768,
      "success_rate": 0.503235082674335
    }
  },
  "failure_reasons": {
    "ConnectionError": 2333,
    "ProxyError": 5734,
    "SSLError": 99,
    "ConnectTimeout": 2706,
    "ReadTimeout": 296,
    "HTTP 202": 60,
    "Price not visible": 25,
    "InvalidURL": 5
  }
}