{
  "timestamp": "2025-03-09T06:36:40.724280",
  "total_checked": 7239,
  "total_working": 28,
  "protocols": {
    "http": {
      "checked": 4029,
      "working": 14,
      "failed": 4015,
      "success_rate": 0.3474807644576818
    },
    "socks4": {
      "checked": 2204,
      "working": 10,
      "failed": 2194,
      "success_rate": 0.4537205081669692
    },
    "socks5": {
      "checked": 1006,
      "working": 4,
      "failed": 1002,
      "success_rate": 0.3976143141153081
    }
  },
  "failure_reasons": {
    "ProxyError": 3831,
    "ConnectionError": 1657,
    "SSLError": 80,
    "ConnectTimeout": 1526,
    "ReadTimeout": 64,
    "Price not visible": 13,
    "HTTP 202": 35,
    "InvalidURL": 5
  }
}