{
  "timestamp": "2025-03-08T05:44:39.435762",
  "total_checked": 87367,
  "total_working": 475,
  "protocols": {
    "http": {
      "checked": 34546,
      "working": 49,
      "failed": 34497,
      "success_rate": 0.14183986568633125
    },
    "socks4": {
      "checked": 26771,
      "working": 247,
      "failed": 26524,
      "success_rate": 0.9226401703335699
    },
    "socks5": {
      "checked": 26050,
      "working": 179,
      "failed": 25871,
      "success_rate": 0.6871401151631479
    }
  },
  "failure_reasons": {
    "ProxyError": 28978,
    "ConnectionError": 27818,
    "SSLError": 823,
    "HTTP 202": 865,
    "ConnectTimeout": 24821,
    "Price not visible": 1193,
    "ReadTimeout": 2374,
    "ChunkedEncodingError": 10,
    "InvalidURL": 10
  }
}