{
  "timestamp": "2025-03-08T18:56:04.745652",
  "total_checked": 13333,
  "total_working": 81,
  "protocols": {
    "http": {
      "checked": 7130,
      "working": 49,
      "failed": 7081,
      "success_rate": 0.6872370266479663
    },
    "socks4": {
      "checked": 3064,
      "working": 22,
      "failed": 3042,
      "success_rate": 0.7180156657963447
    },
    "socks5": {
      "checked": 3139,
      "working": 10,
      "failed": 3129,
      "success_rate": 0.31857279388340237
    }
  },
  "failure_reasons": {
    "ProxyError": 6713,
    "ConnectionError": 2729,
    "SSLError": 170,
    "ConnectTimeout": 3348,
    "ReadTimeout": 198,
    "HTTP 202": 68,
    "Price not visible": 21,
    "InvalidURL": 5
  }
}