{
  "timestamp": "2025-03-09T21:43:42.987228",
  "total_checked": 12322,
  "total_working": 31,
  "protocols": {
    "http": {
      "checked": 4955,
      "working": 15,
      "failed": 4940,
      "success_rate": 0.30272452068617556
    },
    "socks4": {
      "checked": 3734,
      "working": 9,
      "failed": 3725,
      "success_rate": 0.241028387787895
    },
    "socks5": {
      "checked": 3633,
      "working": 7,
      "failed": 3626,
      "success_rate": 0.1926782273603083
    }
  },
  "failure_reasons": {
    "ProxyError": 4163,
    "ConnectionError": 4951,
    "ConnectTimeout": 2873,
    "ReadTimeout": 191,
    "SSLError": 70,
    "HTTP 202": 27,
    "Price not visible": 1,
    "InvalidURL": 15
  }
}