{
  "timestamp": "2025-03-09T12:53:24.063911",
  "total_checked": 9043,
  "total_working": 53,
  "protocols": {
    "http": {
      "checked": 4749,
      "working": 28,
      "failed": 4721,
      "success_rate": 0.5895978100652769
    },
    "socks4": {
      "checked": 2307,
      "working": 16,
      "failed": 2291,
      "success_rate": 0.693541395752059
    },
    "socks5": {
      "checked": 1987,
      "working": 9,
      "failed": 1978,
      "success_rate": 0.45294413688978363
    }
  },
  "failure_reasons": {
    "ProxyError": 4418,
    "ConnectionError": 2040,
    "SSLError": 88,
    "HTTP 202": 41,
    "ConnectTimeout": 2290,
    "ReadTimeout": 95,
    "ChunkedEncodingError": 2,
    "Price not visible": 16
  }
}