{
  "timestamp": "2025-03-08T13:18:14.444553",
  "total_checked": 15055,
  "total_working": 62,
  "protocols": {
    "http": {
      "checked": 5603,
      "working": 22,
      "failed": 5581,
      "success_rate": 0.39264679635909333
    },
    "socks5": {
      "checked": 3465,
      "working": 11,
      "failed": 3454,
      "success_rate": 0.31746031746031744
    },
    "socks4": {
      "checked": 5987,
      "working": 29,
      "failed": 5958,
      "success_rate": 0.48438282946383826
    }
  },
  "failure_reasons": {
    "ProxyError": 5306,
    "ConnectionError": 3377,
    "SSLError": 120,
    "ConnectTimeout": 4967,
    "ReadTimeout": 437,
    "HTTP 202": 46,
    "Price not visible": 732,
    "InvalidURL": 5,
    "ChunkedEncodingError": 3
  }
}