{
  "timestamp": "2025-03-09T01:51:55.426001",
  "total_checked": 11191,
  "total_working": 55,
  "protocols": {
    "http": {
      "checked": 5709,
      "working": 23,
      "failed": 5686,
      "success_rate": 0.4028726572079173
    },
    "socks4": {
      "checked": 2899,
      "working": 18,
      "failed": 2881,
      "success_rate": 0.6209037599172128
    },
    "socks5": {
      "checked": 2583,
      "working": 14,
      "failed": 2569,
      "success_rate": 0.5420054200542005
    }
  },
  "failure_reasons": {
    "ProxyError": 5361,
    "ConnectionError": 2709,
    "SSLError": 98,
    "ConnectTimeout": 2754,
    "ReadTimeout": 121,
    "HTTP 202": 75,
    "Price not visible": 8,
    "HTTP 500": 5,
    "InvalidURL": 5
  }
}