{
  "timestamp": "2025-03-08T15:59:43.241785",
  "total_checked": 15726,
  "total_working": 48,
  "protocols": {
    "socks5": {
      "checked": 3875,
      "working": 13,
      "failed": 3862,
      "success_rate": 0.33548387096774196
    },
    "socks4": {
      "checked": 4076,
      "working": 16,
      "failed": 4060,
      "success_rate": 0.39254170755642787
    },
    "http": {
      "checked": 7775,
      "working": 19,
      "failed": 7756,
      "success_rate": 0.24437299035369775
    }
  },
  "failure_reasons": {
    "ConnectionError": 6448,
    "ProxyError": 4964,
    "SSLError": 161,
    "ConnectTimeout": 3407,
    "ReadTimeout": 638,
    "HTTP 202": 44,
    "Price not visible": 11,
    "InvalidURL": 5
  }
}