{
  "timestamp": "2025-03-12T15:38:47.004463",
  "total_checked": 5161,
  "total_working": 20,
  "protocols": {
    "socks5": {
      "checked": 1198,
      "working": 3,
      "failed": 1195,
      "success_rate": 0.25041736227045075
    },
    "http": {
      "checked": 1851,
      "working": 11,
      "failed": 1840,
      "success_rate": 0.5942733657482442
    },
    "socks4": {
      "checked": 2112,
      "working": 6,
      "failed": 2106,
      "success_rate": 0.2840909090909091
    }
  },
  "failure_reasons": {
    "ConnectionError": 1616,
    "ProxyError": 1709,
    "SSLError": 64,
    "ReadTimeout": 50,
    "ConnectTimeout": 1672,
    "HTTP 202": 9,
    "InvalidURL": 10,
    "Price not visible": 11
  }
}