{
  "timestamp": "2025-03-08T21:47:55.579052",
  "total_checked": 12358,
  "total_working": 35,
  "protocols": {
    "http": {
      "checked": 4317,
      "working": 12,
      "failed": 4305,
      "success_rate": 0.27797081306462823
    },
    "socks5": {
      "checked": 3626,
      "working": 12,
      "failed": 3614,
      "success_rate": 0.3309431880860452
    },
    "socks4": {
      "checked": 4415,
      "working": 11,
      "failed": 4404,
      "success_rate": 0.2491506228765572
    }
  },
  "failure_reasons": {
    "ProxyError": 3219,
    "ConnectionError": 5115,
    "SSLError": 86,
    "HTTP 202": 42,
    "ConnectTimeout": 3680,
    "ReadTimeout": 167,
    "Price not visible": 9,
    "HTTP 500": 3,
    "ChunkedEncodingError": 2
  }
}