{
  "timestamp": "2025-03-12T12:53:17.912357",
  "total_checked": 4372,
  "total_working": 23,
  "protocols": {
    "http": {
      "checked": 2767,
      "working": 14,
      "failed": 2753,
      "success_rate": 0.5059631369714492
    },
    "socks5": {
      "checked": 629,
      "working": 3,
      "failed": 626,
      "success_rate": 0.47694753577106513
    },
    "socks4": {
      "checked": 976,
      "working": 6,
      "failed": 970,
      "success_rate": 0.6147540983606558
    }
  },
  "failure_reasons": {
    "ProxyError": 2637,
    "ConnectionError": 1065,
    "SSLError": 38,
    "ConnectTimeout": 556,
    "ReadTimeout": 33,
    "HTTP 202": 17,
    "Price not visible": 3
  }
}