{
  "timestamp": "2025-03-12T09:50:42.590603",
  "total_checked": 12512,
  "total_working": 34,
  "protocols": {
    "socks5": {
      "checked": 3924,
      "working": 8,
      "failed": 3916,
      "success_rate": 0.20387359836901123
    },
    "http": {
      "checked": 4757,
      "working": 20,
      "failed": 4737,
      "success_rate": 0.4204330460374185
    },
    "socks4": {
      "checked": 3831,
      "working": 6,
      "failed": 3825,
      "success_rate": 0.15661707126076743
    }
  },
  "failure_reasons": {
    "ConnectionError": 4576,
    "ProxyError": 4514,
    "SSLError": 72,
    "ConnectTimeout": 3191,
    "ReadTimeout": 94,
    "Price not visible": 10,
    "HTTP 202": 21
  }
}