{
  "timestamp": "2025-03-11T02:10:39.431631",
  "total_checked": 10937,
  "total_working": 39,
  "protocols": {
    "http": {
      "checked": 4331,
      "working": 17,
      "failed": 4314,
      "success_rate": 0.39251904871854076
    },
    "socks5": {
      "checked": 3026,
      "working": 11,
      "failed": 3015,
      "success_rate": 0.3635161929940516
    },
    "socks4": {
      "checked": 3580,
      "working": 11,
      "failed": 3569,
      "success_rate": 0.3072625698324022
    }
  },
  "failure_reasons": {
    "ProxyError": 4043,
    "ConnectionError": 3673,
    "ConnectTimeout": 2912,
    "ReadTimeout": 104,
    "SSLError": 89,
    "Price not visible": 28,
    "HTTP 202": 44,
    "InvalidURL": 5
  }
}