{
  "timestamp": "2025-03-09T09:47:29.652279",
  "total_checked": 14026,
  "total_working": 33,
  "protocols": {
    "socks5": {
      "checked": 5014,
      "working": 7,
      "failed": 5007,
      "success_rate": 0.13960909453530115
    },
    "socks4": {
      "checked": 4341,
      "working": 9,
      "failed": 4332,
      "success_rate": 0.2073255010366275
    },
    "http": {
      "checked": 4671,
      "working": 17,
      "failed": 4654,
      "success_rate": 0.3639477627916934
    }
  },
  "failure_reasons": {
    "ConnectionError": 5942,
    "ProxyError": 4274,
    "SSLError": 93,
    "ConnectTimeout": 3559,
    "ReadTimeout": 114,
    "HTTP 202": 4,
    "Price not visible": 4,
    "ChunkedEncodingError": 3
  }
}